temperature_c,humidity_pct,occupancy_count,solar_radiation_w,power_usage_kwh
16.9,68.9,14.0,378.7,305.17
30.2,53.6,13.0,26.4,305.67
26.9,52.3,9.0,501.2,258.89
34.1,64.8,11.0,380.7,308.61
18.7,69.5,17.0,392.4,358.06
18.1,54.7,12.0,31.7,259.1
32.8,43.4,14.0,379.5,337.0
27.4,28.4,7.0,341.7,218.56
11.6,44.7,14.0,533.2,288.64
19.7,45.7,8.0,12.7,189.12
27.1,56.6,19.0,7.0,388.61
30.7,49.8,15.0,140.0,336.62
18.6,65.3,13.0,48.3,281.54
0.7,45.8,9.0,245.2,180.39
28.2,54.1,12.0,747.9,316.46
14.2,72.8,10.0,149.0,229.99
7.9,60.1,10.0,559.2,217.34
1.3,54.1,17.0,0.1,285.95
30.5,46.0,11.0,55.4,269.34
25.0,45.5,13.0,9.3,283.14
22.2,42.2,18.0,119.3,353.1
35.1,46.9,20.0,716.4,460.52
29.1,66.3,13.0,30.6,312.17
36.9,51.7,17.0,279.7,396.5
12.9,34.8,8.0,180.2,176.33
23.7,81.5,17.0,836.5,407.13
11.1,59.8,7.0,39.2,159.61
22.2,33.9,13.0,71.5,266.08
22.0,48.4,9.0,9.0,220.5
29.0,56.7,11.0,170.7,274.09
24.4,80.6,12.0,97.6,292.78
29.0,38.4,18.0,611.8,398.84
29.6,69.6,14.0,278.6,340.47
41.2,76.0,8.0,285.6,288.65
21.5,45.6,14.0,227.7,296.58
16.5,50.8,11.0,28.9,232.34
26.0,39.5,15.0,176.6,325.05
17.6,51.9,14.0,1000.0,340.53
35.9,54.5,9.0,541.0,282.88
21.7,64.9,7.0,671.8,223.74
19.5,71.4,9.0,519.9,248.35
20.2,43.8,18.0,32.6,346.42
29.7,25.5,14.0,77.4,310.79
22.7,54.7,13.0,0.9,275.33
18.9,59.4,15.0,108.5,321.18
37.3,58.7,14.0,34.5,335.71
17.2,50.1,16.0,192.0,319.39
24.3,56.9,13.0,339.1,305.19
29.2,77.7,14.0,622.6,366.33
10.9,60.7,12.0,415.0,251.33
27.8,49.4,11.0,837.0,316.57
15.6,47.5,12.0,16.6,249.7
30.6,52.5,15.0,3.7,336.95
16.3,79.6,9.0,324.8,225.6
29.5,52.3,16.0,102.5,354.7
32.8,54.7,12.0,87.7,296.89
30.9,47.8,10.0,120.5,270.0
26.0,71.5,9.0,94.3,238.06
22.1,84.4,15.0,214.9,333.82
19.4,61.8,11.0,174.0,252.16
35.8,56.2,14.0,215.5,341.36
18.4,55.6,17.0,335.1,352.62
15.7,19.2,7.0,146.9,168.06
29.3,66.2,15.0,86.8,346.91
17.6,57.0,10.0,54.5,217.91
16.4,61.4,12.0,129.0,264.65
12.5,44.3,13.0,406.2,283.16
20.1,49.2,19.0,424.0,383.7
23.3,48.8,21.0,329.8,429.93
25.9,70.3,12.0,80.0,285.72
31.6,49.3,11.0,266.1,281.84
28.2,86.2,11.0,253.7,291.8
22.5,61.5,16.0,198.6,345.97
22.4,35.9,13.0,239.5,282.46
28.1,53.1,11.0,203.1,274.27
34.2,45.2,10.0,250.0,281.31
25.0,22.1,9.0,377.1,234.51
20.2,79.0,14.0,34.8,305.62
16.1,65.5,16.0,415.4,336.44
12.4,63.0,12.0,43.8,246.91
29.3,57.5,6.0,20.7,195.11
28.6,34.3,11.0,1000.0,312.16
28.6,47.7,11.0,943.9,308.92
23.0,67.6,15.0,18.7,326.82
35.3,39.2,8.0,175.7,241.73
20.1,17.0,12.0,61.8,254.21
31.6,51.6,11.0,199.3,285.12
23.7,52.9,14.0,531.9,327.92
19.1,57.0,8.0,902.4,240.53
28.7,65.9,10.0,301.7,268.73
27.3,64.6,7.0,131.0,206.51
26.9,58.9,10.0,277.4,259.47
24.7,72.9,16.0,112.2,345.51
23.7,32.2,15.0,721.8,344.39
43.1,62.6,22.0,613.0,500.0
33.5,64.4,14.0,245.1,342.39
29.8,36.4,12.0,117.8,281.88
24.9,32.5,7.0,104.2,187.12
32.1,43.8,13.0,10.2,307.91
28.1,45.1,20.0,507.6,433.02
24.2,66.3,10.0,179.6,261.59
21.6,45.8,10.0,118.0,240.25
23.4,42.2,12.0,191.1,277.55
-1.4,45.8,15.0,512.3,276.5
25.7,71.8,14.0,39.9,317.14
20.1,55.2,11.0,584.9,278.04
36.7,52.3,21.0,683.4,475.45
24.2,53.3,11.0,879.6,293.45
14.5,74.4,11.0,152.0,241.74
23.6,43.8,11.0,73.4,254.42
15.6,74.7,12.0,140.3,263.28
27.8,58.2,13.0,121.5,314.43
26.3,52.6,9.0,58.1,234.79
31.7,92.5,3.0,280.4,191.27
17.7,39.2,10.0,194.2,224.77
24.3,49.7,12.0,602.3,298.88
13.1,36.5,17.0,9.8,303.52
29.6,69.3,10.0,309.7,274.37
28.2,80.3,11.0,431.8,302.5
28.0,80.0,14.0,427.5,344.61
24.0,73.4,13.0,651.7,331.46
27.3,52.0,8.0,391.7,239.33
36.8,49.5,19.0,788.5,449.3
21.7,29.9,14.0,121.3,302.33
25.1,85.5,7.0,209.9,220.91
15.3,62.0,10.0,4.3,225.67
17.1,47.6,8.0,2.1,186.62
24.8,74.9,11.0,82.4,274.27
32.8,40.4,13.0,31.9,311.84
21.9,61.1,10.0,90.4,243.32
22.1,52.4,17.0,58.5,332.39
20.7,64.6,7.0,8.7,190.73
19.7,54.0,10.0,720.1,270.92
26.4,33.2,10.0,2.5,241.96
12.0,56.1,13.0,399.6,275.85
34.2,70.7,9.0,49.5,254.7
18.7,54.6,15.0,729.9,335.09
29.8,66.6,7.0,669.9,252.03
13.8,39.3,14.0,318.3,285.13
29.4,54.6,13.0,334.6,324.56
29.4,45.6,14.0,1.6,312.72
27.1,66.2,10.0,1000.0,306.39
16.0,55.5,9.0,630.7,235.42
26.0,65.4,11.0,676.4,295.05
14.5,71.3,13.0,323.0,271.59
22.0,65.4,6.0,126.8,187.46
32.2,59.1,15.0,672.3,376.28
30.4,40.0,16.0,103.4,346.4
24.1,55.0,14.0,248.1,306.59
16.2,47.0,13.0,31.5,266.48
29.2,49.8,10.0,765.1,290.61
24.2,49.4,6.0,45.5,183.78
5.4,40.3,12.0,76.4,226.78
30.3,25.6,12.0,245.0,279.02
23.8,45.0,11.0,433.3,270.01
33.6,57.9,17.0,289.8,389.08
15.2,34.8,13.0,79.2,265.31
-1.4,55.2,11.0,0.3,177.19
26.2,83.5,6.0,424.6,228.87
26.3,70.3,6.0,1000.0,243.64
10.5,79.7,13.0,498.1,283.3
16.2,60.9,15.0,185.0,305.98
46.0,72.5,14.0,702.3,403.53
21.6,44.1,8.0,158.2,212.87
29.8,45.3,11.0,223.3,274.58
18.8,15.0,12.0,194.5,252.49
7.3,72.8,11.0,178.1,223.74
22.6,78.1,16.0,447.8,356.3
21.9,46.7,16.0,224.5,347.35
20.8,51.2,9.0,114.3,223.33
23.1,43.7,16.0,89.6,332.91
26.1,60.7,15.0,11.5,331.62
22.8,71.9,15.0,262.5,326.62
13.9,28.9,15.0,78.4,291.16
27.9,61.1,19.0,48.1,381.22
8.4,50.8,12.0,318.2,238.31
7.6,56.7,16.0,343.0,302.01
29.9,61.9,8.0,418.5,253.91
28.1,52.2,16.0,210.1,354.36
23.5,53.4,12.0,673.4,302.4
12.8,51.8,16.0,826.3,341.02
18.3,69.6,16.0,494.1,342.09
21.9,61.3,8.0,302.8,215.09
11.2,58.3,10.0,108.6,215.74
18.1,35.9,4.0,1000.0,179.31
29.2,49.3,16.0,96.1,357.41
35.4,68.5,9.0,67.9,262.76
20.6,55.6,12.0,175.1,274.54
30.1,64.9,11.0,17.6,276.9
8.7,81.5,13.0,1000.0,310.51
29.3,70.6,8.0,266.3,250.3
17.6,56.4,11.0,244.2,252.31
26.5,47.3,13.0,320.0,305.02
22.0,16.7,8.0,206.2,204.99
34.6,52.5,13.0,9.8,319.2
17.0,50.1,12.0,284.3,260.83
29.0,60.9,9.0,377.8,254.61
21.8,52.7,13.0,161.7,286.36
22.7,50.2,13.0,424.8,310.06
22.5,28.3,20.0,77.2,387.91
17.2,40.9,15.0,75.0,290.71
23.9,62.1,13.0,52.8,286.16
23.5,80.7,13.0,139.6,309.03
25.9,53.5,11.0,563.2,283.6
24.7,59.9,12.0,527.9,304.46
30.4,69.3,10.0,144.8,269.0
31.4,42.8,7.0,266.8,232.87
15.6,60.5,15.0,382.8,311.17
31.0,43.9,15.0,82.8,342.22
14.5,68.0,13.0,55.2,269.08
28.7,57.3,9.0,1000.0,291.34
29.0,59.5,7.0,288.4,215.97
8.7,43.3,10.0,1000.0,232.67
24.7,65.6,8.0,123.6,222.08
20.3,86.3,21.0,364.2,430.0
17.9,39.9,11.0,75.5,231.43
34.8,49.9,13.0,90.8,314.1
18.8,58.5,9.0,215.2,226.41
17.5,66.8,14.0,115.5,297.11
24.6,46.6,8.0,55.0,211.18
29.5,15.0,13.0,91.5,294.68
22.9,75.4,14.0,10.9,301.75
33.3,66.4,14.0,365.6,349.1
28.2,28.9,19.0,203.3,397.72
6.6,45.9,13.0,29.7,236.27
19.8,78.5,20.0,56.5,394.3
19.5,76.7,9.0,32.5,235.23
27.8,69.1,11.0,284.5,279.91
3.0,52.4,10.0,29.7,186.83
44.4,56.2,9.0,421.1,312.97
28.2,53.0,11.0,6.2,266.05
25.2,71.9,6.0,86.1,199.12
33.5,41.9,14.0,664.0,351.65
42.7,42.9,6.0,380.3,243.5
31.0,70.2,9.0,22.7,254.74
31.6,54.3,16.0,516.3,383.21
25.0,75.7,8.0,203.8,237.67
22.9,44.9,11.0,562.8,285.27
20.2,54.2,8.0,275.4,213.27
17.4,41.2,18.0,343.6,361.95
18.5,55.1,8.0,1000.0,243.73
13.2,32.8,14.0,79.3,271.36
23.4,47.7,10.0,293.4,252.31
10.5,33.5,11.0,185.0,221.48
25.5,65.4,11.0,12.1,267.48
23.7,65.7,8.0,4.4,206.44
25.2,29.0,12.0,38.1,260.84
19.8,75.0,11.0,314.2,268.86
48.6,92.5,14.0,251.2,390.0
34.9,55.7,18.0,241.8,409.85
14.0,45.4,13.0,9.7,259.8
25.9,95.0,12.0,190.1,304.06
19.1,35.2,12.0,775.6,283.13
15.9,55.3,13.0,152.0,278.74
13.3,57.7,15.0,294.2,313.22
27.5,75.2,11.0,454.0,297.72
18.5,60.4,15.0,459.6,329.49
31.7,47.5,11.0,219.7,286.95
32.0,40.7,18.0,585.5,411.41
35.0,49.9,14.0,149.0,337.61
17.2,39.9,11.0,658.6,264.08
27.8,55.7,12.0,82.4,291.17
29.1,46.5,11.0,98.6,283.94
20.2,32.6,11.0,16.4,230.62
17.8,73.8,10.0,476.3,254.66
36.9,47.5,16.0,161.9,367.71
25.8,36.0,14.0,78.1,311.31
29.1,52.5,10.0,79.1,255.5
17.4,56.0,9.0,695.0,235.45
14.2,28.8,17.0,538.6,339.8
19.4,60.0,12.0,241.9,281.54
23.0,39.3,12.0,287.2,280.2
15.5,80.7,16.0,192.9,329.55
23.9,62.9,11.0,149.1,268.78
10.5,49.0,15.0,741.2,321.13
15.0,43.8,12.0,40.3,239.56
29.4,53.4,12.0,162.6,293.65
28.8,64.2,11.0,126.7,277.59
20.9,54.6,16.0,206.8,328.06
15.9,51.7,11.0,183.5,239.93
15.8,55.9,14.0,219.5,295.91
21.0,45.9,13.0,45.2,279.85
29.2,49.9,11.0,215.9,282.94
31.4,23.7,20.0,83.3,406.3
20.0,69.6,12.0,61.1,271.91
14.8,59.5,10.0,20.1,214.24
26.1,43.4,14.0,431.5,323.27
17.4,83.5,10.0,167.3,243.45
19.9,56.3,15.0,295.6,322.41
34.6,39.5,13.0,390.1,331.39
30.6,67.9,16.0,341.2,372.41
25.3,61.0,9.0,190.7,239.69
13.8,60.9,12.0,147.3,268.55
25.7,48.6,11.0,141.5,270.21
32.5,61.8,14.0,306.5,345.91
21.0,51.1,8.0,204.8,209.91
34.8,63.3,9.0,567.4,285.67
34.3,26.4,11.0,623.1,304.3
37.3,48.5,12.0,56.1,310.51
26.4,80.8,11.0,43.9,266.23
28.7,43.5,12.0,298.6,287.24
35.3,45.9,14.0,107.5,332.19
27.6,48.3,9.0,5.6,234.72
20.0,36.8,19.0,658.5,391.25
20.4,21.9,12.0,77.2,259.53
25.9,51.5,5.0,794.7,201.44
13.7,57.0,8.0,379.2,197.96
22.9,54.2,12.0,431.5,297.38
32.8,52.8,8.0,67.5,238.59
6.5,55.6,10.0,80.0,200.86
36.3,70.3,10.0,221.0,303.07
33.0,52.1,9.0,56.7,249.41
20.3,46.4,11.0,109.3,247.57
28.3,50.8,9.0,116.3,240.81
24.0,63.7,12.0,52.2,267.92
33.8,76.2,21.0,68.9,446.21
31.9,45.6,12.0,466.1,317.67
12.8,56.5,18.0,54.9,337.49
28.7,60.1,10.0,8.7,259.93
22.4,40.1,9.0,297.8,228.57
24.7,55.3,15.0,1000.0,366.0
18.2,33.0,15.0,120.7,304.54
38.0,28.5,14.0,37.9,330.01
32.3,60.5,12.0,253.5,311.19
18.1,49.2,17.0,710.5,365.1
13.3,58.0,10.0,459.8,242.74
20.9,54.7,9.0,292.3,236.67
27.5,40.4,16.0,113.5,335.56
25.9,54.3,11.0,234.2,267.21
34.0,36.5,10.0,28.7,266.13
30.3,75.9,8.0,340.8,253.52
31.8,34.7,9.0,387.4,256.81
26.6,52.1,11.0,1000.0,317.6
12.9,39.4,6.0,90.5,148.54
22.4,63.6,13.0,5.6,286.3
32.5,50.0,11.0,236.6,293.93
23.6,47.2,12.0,368.1,283.89
28.0,67.8,8.0,468.8,258.4
21.5,55.4,7.0,64.6,188.05
15.8,62.7,13.0,91.0,274.75
23.0,40.3,9.0,215.6,235.27
26.5,33.9,9.0,120.4,223.69
18.8,56.6,9.0,590.9,239.91
22.1,50.2,12.0,192.6,279.7
16.5,64.4,8.0,482.2,223.46
33.0,53.8,15.0,260.7,354.1
21.6,58.1,11.0,445.0,269.5
35.6,30.6,9.0,121.3,259.56
36.2,83.3,13.0,534.1,364.9
23.4,52.5,19.0,96.3,374.31
15.9,65.5,23.0,237.0,426.15
7.3,42.5,15.0,72.2,270.18
12.2,59.6,8.0,193.6,192.43
13.0,35.5,10.0,114.9,206.85
35.0,61.8,13.0,93.1,328.37
24.9,49.7,12.0,1000.0,318.45
27.1,55.4,17.0,52.3,348.48
6.2,65.5,8.0,464.4,186.26
14.4,36.5,11.0,1000.0,272.44
31.1,44.7,7.0,6.0,210.28
26.3,61.9,7.0,360.2,217.02
22.8,86.5,15.0,87.5,321.74
28.5,52.9,11.0,12.4,266.21
37.1,63.9,3.0,154.7,187.26
22.2,53.4,9.0,821.0,267.65
24.6,84.1,16.0,3.6,351.84
25.5,28.8,14.0,265.9,304.94
43.1,56.4,13.0,208.8,345.51
7.2,30.6,13.0,620.0,263.48
29.5,17.4,7.0,26.3,200.45
23.1,59.5,17.0,343.3,366.05
28.5,57.1,14.0,341.9,322.46
18.7,50.7,11.0,331.8,252.1
23.6,53.4,10.0,855.9,282.09
29.7,95.0,14.0,519.6,362.38
48.9,51.1,19.0,12.9,450.64
30.5,62.7,12.0,191.1,303.16
17.2,45.3,18.0,152.2,349.14
20.6,59.4,13.0,111.4,285.03
20.4,51.4,18.0,180.1,363.71
9.6,48.8,11.0,145.4,222.43
21.4,82.3,18.0,169.9,375.26
29.9,72.7,12.0,1000.0,343.86
13.8,57.1,9.0,27.8,200.08
32.4,20.4,13.0,766.2,337.21
27.9,49.6,12.0,196.3,291.51
18.1,95.0,16.0,293.2,348.44
22.9,51.5,11.0,531.9,285.23
36.8,71.5,14.0,134.1,352.47
29.9,76.6,18.0,168.9,393.16
24.1,58.3,14.0,158.0,315.92
22.1,42.4,18.0,140.9,352.65
24.6,18.5,6.0,779.2,201.03
19.9,65.3,11.0,529.7,277.2
7.2,42.8,13.0,34.6,239.19
40.3,57.6,14.0,34.3,344.17
25.2,36.3,10.0,167.5,243.54
27.2,51.0,10.0,31.2,247.09
23.5,55.5,13.0,289.6,297.65
18.1,59.0,13.0,46.5,278.92
22.5,38.3,14.0,221.7,305.74
11.2,73.0,17.0,2.2,318.97
42.2,46.0,6.0,114.2,230.74
14.1,29.9,12.0,339.2,244.05
15.7,53.4,11.0,198.5,249.55
20.5,55.5,12.0,1000.0,314.96
34.3,57.4,13.0,621.7,344.15
24.1,75.4,8.0,133.5,229.51
14.1,51.5,13.0,14.0,258.03
34.0,53.2,11.0,560.5,310.27
29.8,38.5,8.0,726.5,258.94
28.3,67.3,13.0,515.5,325.83
29.7,57.8,11.0,41.1,273.82
43.2,48.7,12.0,1000.0,373.45
41.5,26.4,10.0,89.8,280.75
18.5,76.7,9.0,386.4,241.95
37.0,36.6,10.0,715.9,315.38
27.1,46.1,13.0,80.6,292.18
28.0,60.4,13.0,716.6,327.66
10.5,37.1,9.0,111.1,176.59
22.6,32.6,11.0,1000.0,292.77
17.5,23.1,13.0,99.1,257.48
30.6,65.8,13.0,920.1,356.64
32.6,46.8,13.0,16.5,309.09
7.4,95.0,7.0,370.6,175.63
23.8,40.1,9.0,227.9,221.8
33.0,41.2,11.0,195.0,287.31
22.5,46.5,10.0,75.9,238.07
29.8,58.6,13.0,366.8,320.69
26.8,47.9,15.0,63.5,317.09
26.7,64.2,13.0,241.5,312.47
21.8,40.3,11.0,87.6,255.1
14.3,34.3,16.0,934.5,345.07
15.0,28.0,9.0,8.7,186.2
29.7,21.6,10.0,66.8,247.36
24.2,47.2,10.0,83.2,235.97
22.9,50.5,18.0,160.4,371.23
20.6,45.5,14.0,79.5,293.06
21.6,73.7,13.0,202.8,288.86
32.4,73.4,10.0,617.8,301.47
21.3,50.0,12.0,373.5,283.03
13.3,28.1,10.0,260.2,211.82
29.9,46.5,6.0,28.0,193.54
22.4,46.0,9.0,355.2,229.56
24.3,45.1,7.0,54.6,198.04
36.9,44.5,12.0,463.0,323.43
23.8,45.2,12.0,86.3,260.65
26.3,49.2,13.0,161.9,297.16
14.6,45.5,10.0,129.5,222.46
22.2,58.1,10.0,587.3,264.83
28.9,60.4,11.0,40.6,283.0
11.6,41.3,7.0,250.2,170.05
25.6,74.1,15.0,46.0,333.31
24.8,40.3,8.0,366.0,224.82
24.3,30.7,11.0,706.4,282.5
32.3,60.7,11.0,171.1,289.16
26.7,42.7,20.0,200.9,404.37
35.8,59.8,16.0,786.9,409.36
16.1,18.9,16.0,220.8,302.2
25.1,75.9,9.0,200.6,242.09
24.7,65.1,15.0,259.1,330.54
15.4,32.5,12.0,350.6,266.28
31.7,32.8,9.0,33.9,243.03
42.6,80.1,11.0,516.3,345.86
23.9,43.9,11.0,171.5,254.97
28.0,42.5,14.0,22.5,312.44
24.7,21.0,10.0,462.8,252.12
18.3,49.7,10.0,141.9,231.29
9.4,51.6,10.0,31.7,195.66
18.4,65.7,9.0,301.4,230.47
12.9,34.0,11.0,636.4,246.62
37.6,32.2,12.0,656.1,329.54
23.1,61.8,12.0,948.6,322.9
21.2,70.1,10.0,606.8,262.05
31.1,31.4,19.0,0.6,391.29
15.0,71.2,13.0,143.5,278.68
17.9,55.6,10.0,512.0,245.56
24.5,71.4,7.0,136.8,206.3
32.2,53.9,8.0,276.1,246.01
28.0,17.2,9.0,279.7,237.48
26.0,52.7,19.0,136.3,388.73
24.6,70.9,12.0,704.5,317.03
27.2,41.6,10.0,209.9,264.11
25.6,49.2,17.0,187.5,356.6
15.8,52.4,11.0,1000.0,273.82
24.4,15.0,9.0,204.1,225.45
15.4,80.1,12.0,58.9,268.92
24.6,41.5,15.0,215.9,326.24
20.2,62.6,14.0,504.6,314.19
44.3,53.7,12.0,450.0,349.8
23.7,73.9,11.0,466.2,280.84
12.8,61.1,21.0,369.3,401.16
22.9,51.5,15.0,88.0,310.36
28.2,41.6,10.0,594.3,275.81
37.4,67.0,11.0,671.7,327.28
19.3,26.9,12.0,64.8,251.07
11.3,64.7,7.0,41.9,164.18
30.5,38.5,8.0,1000.0,273.28
13.0,73.8,18.0,608.2,370.04
20.5,57.4,14.0,671.1,321.78
21.9,64.7,15.0,652.5,350.96
23.4,56.2,16.0,234.1,342.66
29.5,28.7,9.0,311.9,241.53
18.5,42.1,9.0,236.5,228.47
21.8,65.1,9.0,15.8,227.05
23.9,57.5,13.0,410.5,307.28
25.2,72.7,11.0,211.2,284.48
24.8,61.0,7.0,313.0,225.1
27.5,40.5,14.0,209.5,315.75
30.8,43.1,14.0,203.1,328.17
27.1,56.5,17.0,56.5,354.76
27.6,20.3,16.0,98.0,332.76
11.3,80.1,14.0,51.9,278.08
24.4,61.6,19.0,65.3,385.95
27.8,73.4,13.0,1000.0,356.46
29.8,31.3,18.0,49.9,374.85
18.5,73.7,12.0,94.1,269.57
18.7,88.5,15.0,267.9,323.1
19.4,35.2,5.0,282.6,153.84
28.3,66.6,12.0,50.2,288.06
32.3,55.0,16.0,473.6,377.91
20.7,31.8,6.0,461.4,190.2
31.3,62.4,12.0,81.3,293.25
25.0,67.5,11.0,102.2,267.52
23.0,46.0,11.0,834.1,296.47
22.3,72.5,12.0,524.0,298.54
30.0,30.0,18.0,359.0,389.85
26.6,32.6,15.0,25.7,316.11
42.2,57.0,12.0,162.5,332.77
17.2,55.4,10.0,245.8,233.47
28.1,44.3,14.0,62.3,315.65
19.8,67.1,12.0,178.4,265.87
17.0,63.0,12.0,275.7,267.17
23.9,67.9,8.0,119.0,223.11
25.1,53.2,9.0,455.5,253.8
47.3,64.0,15.0,550.6,421.03
22.5,48.3,9.0,117.3,223.03
15.0,85.8,15.0,547.3,339.08
26.2,42.8,11.0,32.8,256.02
7.4,86.6,14.0,545.5,302.08
23.3,55.5,16.0,49.7,337.21
24.1,34.4,10.0,26.0,229.97
30.4,75.5,8.0,308.0,253.86
31.8,56.9,10.0,191.6,273.12
20.0,67.8,14.0,715.4,334.82
22.8,73.4,14.0,135.4,311.65
17.9,60.1,10.0,101.5,229.7
15.0,46.1,14.0,208.4,290.51
26.5,69.6,13.0,182.6,308.28
13.8,55.0,11.0,126.7,238.31
20.7,65.3,12.0,355.0,283.1
16.0,22.7,12.0,427.6,265.99
28.4,61.7,19.0,575.2,418.37
38.4,45.4,19.0,1000.0,461.41
13.6,79.8,9.0,93.0,219.07
9.2,64.3,16.0,377.7,311.34
23.0,58.6,15.0,150.4,331.37
24.1,62.3,9.0,339.1,250.61
25.7,40.0,8.0,193.9,218.48
20.4,79.3,9.0,1000.0,266.57
22.4,84.9,14.0,391.6,328.96
26.9,60.9,13.0,914.1,343.49
32.3,78.9,15.0,540.5,382.86
8.4,46.5,14.0,699.6,297.84
21.0,43.0,9.0,505.3,234.64
25.7,55.6,13.0,184.4,305.03
16.7,61.5,15.0,87.0,307.54
37.8,49.1,10.0,138.8,289.79
18.9,63.1,14.0,6.1,293.76
23.7,59.6,11.0,222.7,258.82
28.4,40.0,11.0,211.0,272.49
19.3,62.8,10.0,223.5,236.56
9.2,68.0,14.0,1000.0,314.75
20.6,57.6,7.0,727.3,228.39
32.2,72.3,17.0,52.9,381.65
21.3,36.7,16.0,138.1,330.17
17.2,62.0,16.0,165.5,326.14
31.4,37.4,12.0,134.1,285.49
21.4,38.3,11.0,480.6,253.87
19.9,45.5,10.0,222.7,237.8
25.2,40.9,12.0,254.7,280.99
30.2,46.8,15.0,575.2,355.16
43.1,51.8,15.0,491.9,385.49
30.6,67.6,6.0,42.5,202.37
33.3,50.2,14.0,375.4,343.92
20.0,31.2,17.0,171.5,338.78
15.8,72.1,13.0,104.7,276.86
24.5,42.4,12.0,15.4,276.77
24.9,54.1,18.0,200.4,369.8
15.4,61.7,12.0,131.8,261.2
22.6,58.0,9.0,86.9,227.86
27.2,71.4,11.0,355.9,293.19
26.9,62.2,12.0,440.2,302.43
28.0,42.1,14.0,84.2,317.61
26.3,87.7,13.0,15.2,308.56
19.9,57.9,8.0,566.7,225.42
19.9,52.8,9.0,3.0,213.73
14.4,69.5,8.0,829.9,230.02
38.3,58.7,8.0,296.4,269.59
24.1,61.0,15.0,116.5,319.81
22.2,92.4,12.0,84.9,285.62
16.6,50.9,13.0,2.7,266.55
47.5,50.2,12.0,80.5,339.67
15.4,56.7,18.0,44.5,348.36
20.6,71.1,13.0,284.2,301.8
27.3,32.4,19.0,54.7,380.9
28.8,25.5,10.0,225.6,255.2
31.7,46.2,11.0,267.6,289.3
38.5,30.5,16.0,106.2,370.53
28.0,48.6,14.0,10.7,302.05
15.6,62.5,10.0,11.4,219.74
21.9,41.6,14.0,8.0,283.74
26.5,33.6,8.0,403.1,235.79
40.5,56.0,9.0,114.8,278.04
12.8,67.9,12.0,477.3,268.3
33.6,29.6,10.0,169.5,270.88
25.4,67.3,11.0,181.0,276.4
30.7,67.3,8.0,215.8,239.63
23.2,69.3,16.0,374.5,354.25
17.3,73.3,11.0,95.9,248.08
30.0,88.0,14.0,38.9,325.22
29.2,49.7,14.0,243.6,323.17
31.8,56.6,15.0,118.8,344.7
23.9,48.8,12.0,175.3,277.03
19.2,55.0,12.0,312.3,266.36
11.5,78.0,17.0,204.4,337.78
30.6,34.8,10.0,290.5,265.61
27.4,42.1,7.0,235.7,211.93
16.3,75.7,13.0,403.9,295.72
19.7,70.3,17.0,367.2,356.1
20.3,49.6,7.0,229.2,196.82
12.1,67.8,12.0,340.8,258.6
17.5,60.1,10.0,620.4,251.58
14.9,77.5,14.0,169.8,296.88
20.7,56.1,12.0,159.7,278.24
18.1,70.4,20.0,433.5,408.14
11.0,94.6,12.0,262.1,268.76
40.2,64.0,11.0,22.1,303.86
34.0,55.7,6.0,668.0,234.09
17.8,65.8,10.0,9.4,236.08
26.2,49.5,12.0,414.0,306.53
27.3,90.8,6.0,426.6,233.0
33.5,57.7,13.0,918.0,358.7
17.5,50.9,12.0,16.7,246.82
32.7,42.5,12.0,272.5,299.26
19.6,71.5,10.0,167.5,235.44
13.3,68.0,19.0,120.4,358.72
29.8,47.5,6.0,28.4,203.09
34.3,63.6,17.0,248.1,391.58
44.7,32.4,10.0,195.6,301.41
14.4,57.8,11.0,33.1,239.17
29.6,61.8,13.0,284.4,317.4
20.7,80.6,8.0,401.8,242.07
30.3,43.4,10.0,437.4,286.03
12.2,35.8,10.0,707.3,235.19
13.9,41.6,8.0,158.0,182.17
17.8,35.0,15.0,917.7,341.21
24.6,75.0,13.0,601.7,324.83
18.9,78.2,7.0,105.5,190.09
29.3,59.8,14.0,52.1,327.77
32.2,73.3,16.0,171.5,377.34
28.8,57.0,14.0,154.2,324.73
37.0,53.6,11.0,257.2,298.79
27.3,50.0,12.0,262.7,285.83
14.3,50.3,11.0,415.9,248.69
34.9,31.8,5.0,213.9,194.64
19.2,59.0,11.0,33.2,244.51
31.3,54.4,14.0,586.2,356.62
36.6,66.2,4.0,111.2,198.99
27.7,56.4,9.0,1000.0,293.81
12.0,52.6,8.0,37.6,173.17
16.7,41.9,19.0,952.8,398.24
34.6,56.1,8.0,28.6,246.14
22.6,66.1,10.0,78.8,247.9
24.6,37.8,12.0,14.3,274.78
30.1,56.3,15.0,366.3,355.22
29.6,58.5,9.0,569.7,280.81
26.2,44.2,12.0,170.8,284.68
22.3,46.2,9.0,791.5,262.61
21.5,58.5,8.0,267.7,216.97
30.9,38.0,14.0,298.3,329.51
28.4,60.2,16.0,560.1,379.36
21.9,41.6,9.0,105.6,228.1
32.7,70.9,14.0,131.2,342.93
23.0,90.1,17.0,709.2,393.88
17.2,42.1,14.0,693.7,319.37
17.9,63.0,11.0,1000.0,281.56
16.2,44.1,11.0,696.3,257.9
21.8,70.6,11.0,40.9,261.93
33.9,36.0,13.0,520.7,333.03
17.6,62.2,8.0,158.2,206.7
25.5,41.9,7.0,1000.0,244.88
18.7,51.9,10.0,191.8,237.56
21.9,39.5,19.0,242.1,373.95
11.9,67.3,11.0,226.4,241.61
22.2,42.4,12.0,116.5,272.32
22.5,63.3,10.0,23.4,247.59
28.3,49.8,11.0,678.0,310.33
25.8,53.3,15.0,486.9,347.13
14.4,57.2,13.0,45.1,264.42
32.7,43.6,10.0,449.9,275.88
25.7,58.2,9.0,294.9,244.13
25.6,78.0,12.0,157.9,292.21
23.9,43.3,19.0,87.9,382.69
19.9,72.6,13.0,589.3,308.77
25.7,77.5,13.0,361.4,322.61
27.8,42.8,9.0,238.0,243.65
10.0,33.2,10.0,282.2,206.5
19.7,59.5,4.0,28.6,142.43
22.0,46.8,14.0,192.7,300.8
26.0,83.0,11.0,64.6,274.28
33.5,55.5,11.0,70.1,278.18
17.8,43.0,11.0,324.8,249.24
20.0,37.8,19.0,726.6,393.85
19.9,71.3,12.0,155.1,271.82
17.6,46.4,12.0,69.9,255.82
21.2,55.7,10.0,313.9,252.63
30.2,69.3,12.0,614.8,326.58
15.6,47.7,10.0,413.9,240.43
27.4,54.3,11.0,609.2,298.98
10.4,54.8,11.0,230.7,228.3
19.5,65.2,11.0,418.1,266.47
21.4,63.9,9.0,45.3,226.11
37.4,51.7,12.0,128.4,317.09
21.8,56.0,15.0,148.1,325.83
6.4,49.4,14.0,214.8,267.18
8.0,32.8,10.0,793.8,224.5
24.3,58.9,10.0,622.1,274.19
28.9,83.4,9.0,43.3,256.6
27.0,41.7,12.0,56.9,282.86
25.3,43.4,9.0,132.8,236.33
33.3,41.9,8.0,103.1,236.44
19.7,65.9,15.0,286.2,317.56
31.2,61.7,14.0,699.2,354.81
10.9,52.6,16.0,983.4,345.29
16.8,41.2,8.0,318.1,202.74
9.5,56.4,12.0,546.3,253.38
21.8,31.5,15.0,223.5,313.04
23.6,57.2,14.0,70.1,308.42
24.9,68.1,10.0,223.1,254.36
24.5,36.2,16.0,243.0,343.95
16.6,32.0,9.0,407.0,214.54
22.5,78.7,15.0,74.5,332.49
12.0,45.8,10.0,137.8,208.14
34.9,72.0,12.0,135.8,310.58
21.6,52.7,9.0,961.5,264.14
20.1,52.6,8.0,176.1,207.25
36.7,61.6,18.0,422.1,420.16
14.1,41.7,17.0,416.9,334.32
15.0,57.0,13.0,92.6,268.7
15.2,49.3,15.0,254.5,302.15
23.5,35.2,8.0,674.2,234.86
27.5,60.1,15.0,193.4,330.16
29.9,51.1,11.0,870.8,316.86
44.6,52.6,10.0,72.4,301.09
6.0,36.8,12.0,23.1,223.13
28.9,78.9,6.0,666.2,232.29
19.5,68.2,12.0,564.5,283.46
19.3,69.5,9.0,1000.0,271.73
19.0,50.4,12.0,341.3,274.56
16.7,29.1,18.0,827.9,368.35
37.5,84.3,11.0,526.3,324.59
30.7,54.1,15.0,558.2,371.2
24.2,43.8,7.0,252.6,211.38
34.8,61.3,13.0,144.6,314.35
11.9,72.5,15.0,818.0,328.93
13.4,54.7,9.0,169.8,213.01
6.6,74.2,20.0,232.2,361.39
18.4,71.2,13.0,177.2,284.01
25.3,38.9,10.0,249.6,249.47
24.8,44.9,13.0,190.7,288.93
25.2,69.4,14.0,14.7,303.33
12.7,15.0,12.0,641.2,261.28
30.4,52.8,12.0,176.3,288.24
25.9,33.5,15.0,266.7,328.49
29.9,47.9,11.0,45.0,276.76
8.9,50.5,7.0,1.0,144.31
26.5,49.6,17.0,84.4,352.04
14.5,46.7,14.0,365.8,296.44
20.8,38.5,10.0,31.3,229.87
28.3,89.4,7.0,718.7,254.25
24.7,83.0,16.0,72.6,355.2
17.2,37.6,13.0,68.7,270.27
24.1,78.7,5.0,60.1,179.31
11.7,49.0,16.0,4.2,291.27
33.2,56.9,6.0,443.3,227.02
22.4,54.1,10.0,623.9,268.99
32.9,45.1,16.0,285.7,366.7
19.8,69.8,18.0,62.6,364.78
19.8,56.9,14.0,100.8,288.39
17.9,47.9,11.0,193.8,238.7
31.0,35.4,18.0,926.0,421.76
18.3,41.6,10.0,85.2,221.68
29.2,30.4,9.0,394.6,247.31
20.9,55.2,13.0,173.7,278.04
8.2,37.1,5.0,106.1,119.2
19.4,51.0,14.0,182.6,296.39
14.6,75.6,11.0,22.2,242.7
24.3,73.0,5.0,480.9,197.63
14.5,54.5,8.0,83.6,187.52
