credit_score,annual_income_k,debt_to_income_ratio,loan_amount_k,employment_years,default_flag
715.0,98.5,0.298,19.2,13.6,0
670.0,62.1,0.485,32.7,5.8,0
725.0,77.4,0.242,21.8,8.7,0
787.0,63.4,0.224,25.9,4.1,0
664.0,64.1,0.262,55.1,7.6,0
664.0,67.3,0.206,50.1,0.1,0
791.0,80.6,0.335,10.5,8.5,0
734.0,63.0,0.515,42.4,0.2,0
647.0,106.4,0.359,42.2,11.0,0
718.0,52.6,0.29,12.8,24.1,0
648.0,70.3,0.285,42.3,1.7,0
647.0,64.0,0.132,53.1,1.2,0
697.0,111.2,0.426,13.2,7.2,0
546.0,79.9,0.311,16.2,1.5,0
559.0,100.8,0.298,45.3,10.0,1
641.0,37.9,0.703,34.1,0.5,0
609.0,81.7,0.356,38.3,0.7,0
702.0,97.2,0.23,35.1,19.4,0
616.0,77.1,0.269,35.9,5.6,0
581.0,101.6,0.458,10.1,9.4,1
783.0,62.1,0.334,45.7,2.0,0
664.0,110.2,0.147,47.5,5.6,0
685.0,132.5,0.43,26.6,4.5,0
580.0,65.9,0.24,29.3,4.6,1
642.0,63.9,0.545,7.0,5.7,1
688.0,111.3,0.45,37.7,4.3,0
599.0,114.5,0.266,38.6,2.8,0
706.0,61.9,0.474,29.1,1.6,0
638.0,64.5,0.328,46.9,7.3,0
660.0,68.0,0.422,25.0,1.3,0
638.0,41.4,0.378,38.5,5.9,0
810.0,52.0,0.218,14.7,1.3,0
679.0,49.9,0.243,29.6,4.9,0
606.0,55.8,0.444,27.4,6.9,0
738.0,74.1,0.28,33.4,1.2,0
595.0,80.9,0.272,24.5,0.3,1
695.0,113.8,0.205,28.0,0.7,0
543.0,50.0,0.371,42.4,4.7,0
587.0,99.6,0.568,23.4,9.5,1
694.0,69.7,0.192,5.9,0.2,0
732.0,73.8,0.323,56.2,6.6,0
692.0,91.9,0.489,50.7,2.1,1
672.0,46.9,0.31,10.6,3.3,0
659.0,84.6,0.374,40.3,13.2,0
577.0,79.2,0.193,22.5,2.0,1
630.0,87.3,0.371,34.0,3.1,0
648.0,82.2,0.298,34.4,0.1,0
754.0,136.4,0.438,26.5,0.4,0
704.0,59.1,0.462,18.2,1.5,0
557.0,61.7,0.631,19.6,0.1,1
703.0,59.4,0.39,16.3,5.0,0
653.0,61.1,0.359,17.5,2.8,0
633.0,59.1,0.343,29.0,4.0,0
723.0,104.7,0.278,19.3,1.0,0
752.0,110.5,0.361,40.2,1.8,0
745.0,60.7,0.285,52.3,5.5,0
621.0,54.2,0.34,21.3,16.8,0
658.0,86.8,0.478,33.6,0.3,0
703.0,61.2,0.199,37.5,11.1,0
748.0,90.8,0.457,37.1,4.3,0
646.0,80.1,0.478,31.1,4.1,0
667.0,37.1,0.306,41.1,3.5,0
603.0,113.7,0.065,37.2,0.4,0
596.0,119.9,0.247,11.4,0.5,1
737.0,59.7,0.476,43.0,4.6,0
775.0,65.3,0.317,43.3,2.1,0
675.0,82.1,0.2,18.6,12.5,0
750.0,83.4,0.259,30.6,2.6,0
705.0,91.5,0.421,40.2,0.8,0
635.0,125.3,0.386,26.9,6.3,0
705.0,70.6,0.291,46.1,1.7,0
788.0,55.0,0.276,65.5,3.7,0
677.0,40.5,0.273,18.2,6.0,0
790.0,56.7,0.209,9.3,11.5,0
497.0,74.2,0.514,34.6,7.9,1
738.0,119.9,0.281,40.8,5.6,0
686.0,62.1,0.466,26.5,5.7,0
659.0,80.6,0.503,51.8,14.6,1
686.0,74.6,0.44,9.9,1.8,0
541.0,104.7,0.268,40.4,0.0,0
665.0,138.2,0.368,20.9,1.6,0
705.0,61.7,0.317,55.8,1.2,0
783.0,62.8,0.212,59.9,5.4,0
644.0,101.1,0.359,18.5,5.0,0
623.0,92.0,0.179,21.8,4.5,0
645.0,121.2,0.463,42.9,0.1,0
744.0,89.6,0.264,24.2,6.5,0
703.0,66.0,0.344,29.3,2.0,0
643.0,89.8,0.354,30.4,5.5,0
716.0,102.7,0.289,5.0,4.1,0
687.0,95.5,0.39,29.8,2.1,0
748.0,87.7,0.263,19.7,0.7,0
631.0,101.7,0.425,22.6,0.5,0
657.0,104.2,0.158,51.7,8.9,0
653.0,109.6,0.335,11.2,12.5,0
578.0,91.2,0.553,42.2,5.2,1
701.0,70.8,0.2,25.8,0.5,0
698.0,78.7,0.239,25.8,2.6,0
680.0,105.2,0.382,41.9,6.5,0
664.0,54.6,0.342,35.1,7.6,0
581.0,84.2,0.362,38.6,0.6,0
651.0,65.2,0.379,44.5,0.0,0
656.0,75.7,0.396,25.0,6.2,0
624.0,107.0,0.453,20.8,2.2,0
669.0,79.8,0.369,13.7,1.5,0
708.0,76.2,0.291,17.6,0.1,0
812.0,41.0,0.401,74.2,3.9,0
692.0,93.7,0.548,48.7,9.5,0
698.0,91.1,0.304,9.7,15.8,0
675.0,129.1,0.203,10.2,4.2,0
546.0,67.3,0.453,37.2,3.6,1
678.0,80.5,0.306,38.2,0.4,0
684.0,81.2,0.059,38.2,4.0,0
850.0,114.4,0.422,26.2,2.4,0
667.0,72.6,0.256,28.1,4.7,0
701.0,82.0,0.309,34.9,2.5,0
678.0,90.2,0.36,31.3,1.4,0
598.0,79.7,0.343,5.0,0.5,0
760.0,63.8,0.405,26.6,1.9,0
733.0,79.9,0.268,17.2,0.5,0
735.0,101.8,0.382,32.6,1.0,0
616.0,49.3,0.289,74.8,21.8,0
778.0,78.3,0.409,35.5,2.9,0
582.0,57.5,0.394,25.3,3.8,1
721.0,104.9,0.208,43.8,10.3,0
833.0,36.9,0.45,37.2,27.1,0
611.0,61.0,0.256,36.3,4.4,0
640.0,84.4,0.417,39.1,8.4,0
687.0,114.1,0.364,60.8,2.0,0
645.0,73.4,0.541,13.0,1.8,0
571.0,61.1,0.293,37.1,2.6,1
685.0,122.0,0.278,16.1,5.6,0
606.0,38.8,0.318,38.3,5.7,0
713.0,20.0,0.284,16.2,1.9,0
616.0,86.0,0.416,23.7,0.7,0
788.0,62.4,0.126,25.6,5.0,0
625.0,49.5,0.194,44.6,0.7,0
657.0,92.7,0.192,43.8,4.3,0
737.0,81.1,0.434,11.3,5.9,0
594.0,60.9,0.525,30.8,6.0,1
696.0,43.0,0.307,19.4,7.0,0
771.0,96.8,0.3,11.1,10.3,0
567.0,91.3,0.328,26.7,3.5,0
693.0,72.5,0.459,25.4,6.6,0
698.0,121.2,0.209,66.4,4.8,0
735.0,48.2,0.349,36.5,1.0,0
593.0,36.9,0.437,9.3,0.1,1
588.0,57.7,0.38,21.5,1.7,1
717.0,73.9,0.343,45.3,2.9,0
701.0,81.1,0.44,61.3,4.8,0
698.0,69.0,0.05,6.2,9.5,0
704.0,83.8,0.401,5.0,1.1,0
632.0,43.7,0.242,58.1,0.7,0
696.0,111.1,0.1,35.8,16.5,0
701.0,72.9,0.381,17.0,0.6,0
630.0,102.9,0.485,38.0,3.3,1
811.0,83.6,0.304,5.0,4.4,0
713.0,86.4,0.434,30.1,3.9,0
597.0,89.2,0.513,34.9,0.4,1
726.0,86.2,0.478,43.9,0.3,1
612.0,91.1,0.517,14.8,0.6,1
735.0,108.2,0.409,31.3,4.4,0
761.0,79.9,0.329,16.1,3.9,0
623.0,92.7,0.128,33.8,1.3,0
747.0,72.8,0.29,16.6,5.1,0
709.0,111.0,0.219,23.9,8.6,0
738.0,58.1,0.581,15.1,0.2,1
813.0,120.0,0.299,39.8,3.4,0
663.0,74.0,0.335,42.9,5.8,0
627.0,39.2,0.386,26.5,1.5,0
618.0,78.2,0.325,30.6,1.8,0
623.0,58.0,0.523,8.3,4.8,1
675.0,96.0,0.245,25.5,11.4,0
704.0,58.7,0.343,29.2,8.3,0
699.0,63.8,0.231,69.3,4.4,0
738.0,27.8,0.162,13.3,6.6,0
681.0,63.7,0.247,52.0,2.3,0
782.0,20.0,0.316,45.0,5.1,0
661.0,35.4,0.268,34.2,3.1,0
850.0,94.0,0.237,56.4,1.1,0
724.0,94.6,0.151,35.6,6.0,0
620.0,85.6,0.31,35.8,4.1,0
605.0,50.8,0.139,29.2,2.2,0
714.0,73.8,0.411,48.4,12.1,0
664.0,74.9,0.33,46.4,0.1,0
730.0,46.0,0.145,20.6,1.9,0
713.0,112.6,0.283,10.2,0.3,0
675.0,96.9,0.23,27.0,7.3,0
621.0,69.5,0.358,18.0,6.1,0
574.0,75.7,0.481,29.0,2.0,1
649.0,80.2,0.095,48.6,5.6,0
740.0,24.0,0.334,23.1,2.5,0
695.0,68.8,0.301,29.4,7.1,0
593.0,58.0,0.401,30.9,3.0,0
692.0,50.0,0.346,42.7,2.7,0
707.0,68.0,0.23,5.0,13.6,0
618.0,119.9,0.282,20.9,1.4,0
691.0,91.0,0.224,33.2,0.6,0
684.0,60.7,0.449,48.0,4.4,0
600.0,89.3,0.323,22.6,17.4,0
705.0,110.0,0.548,5.0,2.4,0
719.0,98.1,0.313,39.3,0.3,0
756.0,76.5,0.235,20.5,2.1,0
754.0,58.8,0.138,12.2,3.5,0
584.0,92.5,0.104,20.6,0.9,0
614.0,84.8,0.13,27.2,5.4,0
716.0,97.4,0.352,20.9,30.5,0
716.0,90.9,0.381,5.0,3.0,0
716.0,101.2,0.13,43.5,2.2,0
850.0,61.6,0.427,49.1,2.6,0
720.0,107.9,0.262,39.8,0.6,0
759.0,79.9,0.338,12.9,10.7,0
747.0,126.9,0.513,27.0,2.7,0
726.0,57.8,0.428,29.9,2.4,0
658.0,118.4,0.288,39.0,5.4,0
733.0,79.9,0.213,40.0,2.9,0
626.0,58.7,0.062,19.0,5.2,0
663.0,62.9,0.234,31.2,0.3,0
646.0,67.0,0.295,36.9,8.4,0
686.0,85.6,0.202,51.8,14.1,0
842.0,88.1,0.304,40.6,5.2,0
549.0,60.7,0.329,41.8,15.5,1
728.0,74.4,0.293,31.3,0.8,0
567.0,128.6,0.242,51.2,3.2,1
647.0,118.2,0.34,36.1,4.6,0
756.0,85.9,0.373,17.1,4.4,0
684.0,76.0,0.189,51.1,2.6,0
605.0,78.0,0.489,40.5,2.1,1
630.0,90.3,0.308,23.4,0.7,0
728.0,49.4,0.322,22.8,2.5,0
629.0,68.6,0.405,34.4,0.9,0
695.0,33.3,0.348,36.9,6.6,0
683.0,85.0,0.434,33.0,1.2,0
634.0,91.2,0.354,34.7,0.3,0
830.0,62.9,0.247,55.5,4.0,0
724.0,114.3,0.363,46.1,4.5,0
538.0,44.4,0.183,32.9,10.3,1
693.0,38.4,0.333,44.1,4.3,0
634.0,80.6,0.316,14.5,2.1,0
740.0,101.2,0.295,36.0,8.1,0
625.0,117.1,0.305,57.1,3.9,0
672.0,63.5,0.094,26.7,0.4,0
715.0,102.0,0.254,17.3,4.2,0
741.0,74.0,0.331,20.2,11.9,0
596.0,70.7,0.339,13.7,2.5,0
657.0,97.1,0.197,18.2,1.8,0
647.0,91.3,0.472,24.4,0.8,0
634.0,35.6,0.216,8.9,0.8,0
804.0,111.9,0.436,30.2,2.8,0
708.0,109.5,0.371,43.5,4.5,0
592.0,59.4,0.242,16.4,0.4,0
744.0,84.9,0.533,52.8,14.0,1
829.0,87.4,0.177,37.7,7.0,0
752.0,81.5,0.43,45.5,4.4,0
574.0,61.2,0.44,20.1,8.8,0
646.0,58.2,0.24,42.8,0.4,0
769.0,74.4,0.487,13.6,3.2,0
630.0,104.3,0.29,43.4,5.0,0
711.0,88.6,0.355,32.6,8.8,0
734.0,65.7,0.351,38.3,7.7,0
615.0,94.3,0.304,12.4,1.6,1
676.0,20.0,0.417,16.6,14.1,0
453.0,103.7,0.415,39.0,0.7,1
608.0,31.5,0.11,15.8,10.4,0
662.0,65.9,0.477,36.9,17.7,1
593.0,47.0,0.121,9.5,1.0,0
794.0,42.6,0.444,42.7,6.4,0
580.0,104.0,0.455,11.5,0.2,1
649.0,63.3,0.189,38.3,2.6,0
689.0,83.7,0.271,39.4,3.6,0
781.0,73.8,0.187,19.5,4.3,0
579.0,86.9,0.294,38.7,13.7,1
761.0,76.9,0.283,33.9,5.6,0
681.0,42.9,0.414,21.9,3.3,0
611.0,99.9,0.477,14.9,8.3,1
712.0,62.7,0.487,5.0,15.0,0
694.0,36.1,0.253,35.2,0.1,0
638.0,64.3,0.295,6.5,20.2,0
685.0,112.5,0.118,31.4,0.5,0
653.0,96.3,0.223,26.0,8.4,0
688.0,66.3,0.436,40.2,1.6,0
726.0,66.3,0.514,25.5,0.7,1
791.0,67.0,0.172,25.1,2.9,0
593.0,126.9,0.249,41.0,5.2,1
829.0,84.5,0.317,35.0,2.4,0
543.0,85.8,0.354,34.7,0.3,1
669.0,100.8,0.223,37.0,4.6,0
721.0,81.0,0.371,7.0,11.6,0
700.0,68.5,0.263,41.4,2.4,0
636.0,70.1,0.318,39.2,1.2,0
665.0,73.2,0.386,14.7,2.9,0
645.0,74.1,0.321,26.3,0.2,0
639.0,93.2,0.268,29.4,8.6,0
739.0,76.3,0.307,28.0,8.8,0
705.0,93.3,0.309,35.0,4.4,0
631.0,73.0,0.276,51.5,2.2,0
743.0,77.0,0.289,46.2,8.0,0
702.0,25.0,0.512,10.3,4.0,0
737.0,97.9,0.387,39.3,8.7,0
724.0,83.7,0.285,49.9,5.0,0
622.0,100.0,0.404,35.8,7.7,0
641.0,20.0,0.28,46.4,4.6,0
732.0,127.2,0.461,60.2,2.7,1
723.0,71.5,0.364,45.4,15.8,0
679.0,102.7,0.307,33.7,3.9,0
688.0,49.0,0.374,45.7,4.6,0
769.0,90.3,0.131,32.2,1.2,0
639.0,48.7,0.185,30.4,4.9,0
718.0,59.4,0.177,24.7,4.2,0
666.0,122.9,0.337,53.5,1.0,0
665.0,70.2,0.528,17.7,0.3,1
757.0,80.4,0.588,53.0,4.6,1
738.0,96.8,0.397,37.5,7.2,0
737.0,87.4,0.38,9.0,3.7,0
771.0,78.8,0.104,35.5,1.3,0
681.0,84.1,0.255,5.0,5.5,0
728.0,135.1,0.225,39.4,0.4,0
658.0,73.6,0.245,43.3,2.9,0
703.0,80.0,0.3,21.1,0.9,0
671.0,101.3,0.263,31.9,1.0,0
687.0,102.6,0.082,59.3,1.1,0
722.0,104.7,0.41,22.4,2.4,0
623.0,91.0,0.191,14.1,0.3,0
826.0,46.4,0.349,52.2,2.5,0
610.0,115.8,0.569,59.4,3.6,1
595.0,46.3,0.21,30.1,3.3,0
761.0,82.6,0.05,45.2,2.4,0
735.0,56.1,0.286,50.1,9.1,0
724.0,73.4,0.452,18.9,0.8,0
724.0,83.2,0.555,22.7,3.5,1
679.0,83.0,0.172,48.5,0.3,0
617.0,85.5,0.38,55.3,0.4,1
685.0,115.3,0.264,38.4,4.3,0
633.0,86.3,0.307,16.8,4.2,0
748.0,68.9,0.637,59.8,10.5,1
670.0,99.1,0.14,22.0,4.1,0
622.0,104.7,0.35,25.0,16.1,0
658.0,44.3,0.376,35.1,0.2,0
709.0,89.9,0.45,53.3,0.5,0
641.0,92.5,0.332,42.8,0.2,0
622.0,67.6,0.357,36.2,1.0,0
697.0,109.4,0.273,36.9,3.9,0
697.0,71.2,0.352,30.7,5.2,0
645.0,78.1,0.279,38.4,0.2,0
647.0,70.7,0.395,5.0,14.6,0
696.0,75.4,0.276,25.6,9.2,0
579.0,47.6,0.365,33.6,1.8,1
581.0,39.0,0.316,12.7,0.4,0
630.0,114.9,0.455,35.8,0.9,0
665.0,53.8,0.314,26.9,0.7,0
702.0,50.2,0.107,56.3,0.7,0
783.0,21.2,0.471,53.6,3.7,1
740.0,59.0,0.211,23.0,1.4,0
669.0,41.9,0.242,27.7,2.2,0
679.0,116.1,0.249,28.9,22.8,0
610.0,100.2,0.485,23.2,5.8,1
679.0,57.8,0.064,32.9,14.9,0
660.0,131.3,0.697,18.6,0.8,0
703.0,99.5,0.447,13.0,2.4,0
622.0,66.9,0.347,39.3,4.0,0
716.0,20.0,0.313,39.4,0.4,0
787.0,132.3,0.354,17.9,0.0,0
672.0,40.3,0.383,43.4,5.5,0
708.0,33.9,0.397,20.5,5.1,0
728.0,100.6,0.387,33.8,2.6,0
652.0,136.0,0.331,42.3,3.4,0
696.0,109.6,0.296,29.5,2.7,0
681.0,89.1,0.302,36.8,0.1,0
687.0,89.9,0.297,22.3,2.0,0
626.0,96.3,0.456,27.1,1.0,0
682.0,94.0,0.391,26.9,0.5,0
715.0,82.0,0.05,18.8,15.7,0
782.0,77.6,0.399,27.3,4.6,0
747.0,73.4,0.343,6.8,6.5,0
831.0,56.2,0.318,22.6,1.9,0
626.0,68.0,0.273,25.7,2.5,0
741.0,32.7,0.455,26.2,1.4,0
693.0,72.5,0.434,26.4,0.5,0
833.0,50.3,0.227,29.1,1.0,0
623.0,47.4,0.369,37.2,8.0,0
621.0,79.5,0.203,43.1,5.7,0
638.0,109.8,0.154,20.3,4.0,0
531.0,98.0,0.245,12.0,3.2,0
643.0,35.7,0.423,14.4,12.8,0
627.0,50.3,0.434,22.7,0.4,0
691.0,98.5,0.382,24.7,1.6,0
704.0,50.4,0.407,18.5,2.2,0
811.0,69.4,0.382,10.6,7.6,0
747.0,88.8,0.243,23.2,24.5,0
640.0,50.8,0.372,32.7,1.4,0
617.0,77.6,0.416,38.9,10.4,1
714.0,41.6,0.411,21.6,8.9,0
588.0,60.0,0.463,23.8,1.3,1
808.0,83.0,0.405,16.1,2.5,0
763.0,35.2,0.362,29.5,2.6,0
647.0,86.0,0.448,17.3,19.1,0
560.0,74.5,0.317,38.6,1.0,1
775.0,88.8,0.214,5.0,8.0,0
672.0,80.6,0.3,24.6,2.0,0
767.0,109.1,0.231,34.5,6.6,0
568.0,78.1,0.239,32.8,2.7,0
638.0,64.3,0.303,70.4,4.3,0
680.0,78.1,0.225,35.2,8.9,0
683.0,88.6,0.283,14.9,8.2,0
648.0,76.2,0.093,28.6,10.1,0
724.0,76.0,0.346,5.0,0.3,0
605.0,57.5,0.32,28.8,5.9,1
670.0,58.4,0.222,17.5,0.8,0
688.0,39.9,0.399,43.7,2.7,0
716.0,118.7,0.433,21.8,4.0,0
730.0,43.9,0.127,28.2,2.6,0
601.0,57.7,0.228,20.5,3.7,1
573.0,57.0,0.228,56.1,28.3,1
769.0,97.4,0.207,25.2,0.7,0
703.0,67.6,0.42,57.5,5.6,0
628.0,106.2,0.297,42.2,2.5,0
789.0,58.2,0.288,37.2,0.7,0
688.0,82.0,0.08,35.5,0.9,0
763.0,54.1,0.396,35.9,14.9,0
685.0,128.6,0.171,5.0,10.6,0
824.0,45.3,0.327,25.8,11.9,0
803.0,82.7,0.353,42.7,23.9,0
663.0,90.8,0.483,29.3,1.2,0
748.0,85.3,0.163,8.9,2.2,0
725.0,70.4,0.05,29.2,5.5,0
776.0,71.8,0.342,55.6,3.3,1
612.0,76.1,0.536,48.7,2.7,1
728.0,71.3,0.469,29.1,2.2,0
754.0,99.1,0.345,44.3,4.5,0
557.0,130.3,0.261,24.5,4.3,1
597.0,61.1,0.417,5.0,0.9,1
537.0,40.8,0.203,16.1,3.2,0
661.0,72.8,0.377,53.4,4.0,0
730.0,139.5,0.381,25.9,4.2,0
785.0,54.9,0.447,26.3,1.2,0
685.0,116.0,0.651,25.5,6.8,1
794.0,116.9,0.367,58.6,0.1,0
583.0,61.2,0.259,54.4,2.2,1
561.0,89.2,0.317,63.3,7.6,1
676.0,115.7,0.108,27.6,4.1,0
707.0,65.5,0.237,34.4,1.5,0
678.0,69.9,0.271,7.3,5.9,0
535.0,60.5,0.257,52.2,4.2,1
674.0,49.6,0.338,12.5,8.0,0
589.0,58.8,0.221,33.3,6.6,1
727.0,44.4,0.455,13.5,4.7,0
706.0,75.9,0.32,21.2,3.3,0
614.0,55.8,0.319,17.4,0.7,1
644.0,80.8,0.281,20.9,1.5,0
606.0,36.1,0.339,21.9,2.7,0
676.0,83.3,0.419,21.8,4.6,0
747.0,95.8,0.216,42.5,3.6,0
611.0,25.2,0.241,13.4,1.7,0
715.0,84.4,0.284,33.3,0.0,0
643.0,105.7,0.158,48.3,3.4,0
624.0,44.8,0.222,22.3,1.7,0
673.0,116.8,0.263,19.2,6.6,0
608.0,85.5,0.425,26.5,0.1,1
641.0,57.4,0.352,47.7,4.4,0
596.0,73.6,0.343,32.9,14.2,0
818.0,89.0,0.422,22.0,1.0,0
682.0,76.9,0.304,37.3,3.2,0
631.0,88.5,0.367,13.5,0.5,0
695.0,52.0,0.308,40.2,4.9,0
672.0,79.2,0.352,36.1,4.0,0
665.0,39.7,0.25,25.4,2.6,0
723.0,72.2,0.05,17.4,3.7,0
733.0,52.4,0.304,16.7,11.3,0
643.0,56.6,0.491,38.0,1.1,0
640.0,105.9,0.431,48.4,0.1,0
661.0,102.3,0.436,20.4,9.9,0
519.0,90.2,0.468,36.9,4.3,1
574.0,47.7,0.331,5.0,11.1,1
776.0,67.1,0.344,21.2,4.5,0
795.0,105.3,0.246,29.5,8.3,0
663.0,78.5,0.282,16.4,2.8,0
720.0,133.0,0.394,16.0,6.9,0
702.0,84.8,0.464,20.0,12.2,0
850.0,79.8,0.303,34.4,4.2,0
758.0,67.3,0.266,27.2,1.0,0
671.0,78.3,0.32,5.0,1.6,0
613.0,71.2,0.392,5.0,1.1,1
568.0,92.7,0.147,20.9,1.4,0
694.0,98.9,0.05,36.9,1.8,0
627.0,55.4,0.254,5.0,4.0,0
580.0,41.7,0.174,22.5,4.4,1
635.0,29.1,0.259,22.1,2.8,0
604.0,87.7,0.302,50.8,4.8,1
798.0,47.4,0.266,24.2,0.4,0
742.0,21.2,0.494,35.7,0.5,0
679.0,84.7,0.359,32.1,0.9,0
784.0,137.3,0.356,5.0,3.6,0
685.0,74.8,0.395,41.5,1.2,0
620.0,96.0,0.183,33.2,1.7,0
787.0,77.0,0.445,37.6,2.6,0
718.0,72.5,0.311,88.9,8.4,0
607.0,98.0,0.4,5.0,0.1,0
667.0,67.7,0.191,55.9,5.2,0
619.0,81.7,0.134,25.7,5.5,0
583.0,83.0,0.418,34.3,8.0,0
745.0,58.3,0.365,29.3,13.5,0
814.0,99.8,0.212,23.6,0.1,0
582.0,70.6,0.216,21.5,0.8,0
719.0,56.1,0.455,34.9,10.9,1
634.0,88.4,0.177,7.2,3.1,0
646.0,52.5,0.517,41.3,4.2,1
639.0,75.7,0.212,23.8,5.4,0
620.0,74.8,0.397,13.0,5.7,0
683.0,102.1,0.281,23.2,13.4,0
622.0,86.9,0.392,48.9,29.0,0
699.0,74.4,0.255,22.0,6.4,0
676.0,95.4,0.3,35.4,1.7,0
663.0,109.8,0.325,19.0,10.6,0
616.0,88.9,0.2,41.4,0.3,0
640.0,75.3,0.409,40.3,1.3,0
733.0,42.2,0.258,57.7,11.4,0
715.0,48.4,0.293,27.4,1.5,0
612.0,67.4,0.201,40.0,1.2,0
687.0,59.8,0.05,31.5,0.7,0
733.0,70.3,0.297,49.4,9.8,0
563.0,76.4,0.61,19.2,3.5,1
718.0,88.2,0.414,41.2,5.6,0
634.0,73.2,0.318,27.1,1.4,0
720.0,87.2,0.288,29.0,7.1,0
627.0,76.6,0.323,31.4,7.1,0
554.0,25.6,0.386,33.8,1.9,0
566.0,51.5,0.178,28.3,2.6,0
683.0,71.4,0.454,33.2,1.2,0
698.0,44.8,0.406,53.7,18.8,0
617.0,90.0,0.406,44.8,5.2,0
725.0,113.3,0.373,43.0,13.6,0
564.0,105.5,0.322,23.2,1.8,0
675.0,69.7,0.401,16.7,7.6,0
595.0,112.3,0.391,44.3,7.3,1
634.0,78.7,0.278,43.1,5.9,0
683.0,66.6,0.251,52.1,16.9,0
620.0,59.7,0.332,20.9,2.5,0
653.0,67.4,0.506,26.6,0.7,0
750.0,65.3,0.171,5.4,5.6,0
640.0,79.3,0.144,24.1,6.5,0
738.0,79.0,0.34,44.9,4.3,0
601.0,75.1,0.326,23.0,1.2,1
717.0,85.9,0.341,39.6,3.5,0
781.0,104.8,0.349,27.1,1.9,0
507.0,98.7,0.293,34.9,2.8,0
624.0,37.9,0.499,12.8,5.2,0
720.0,20.0,0.128,31.3,6.8,0
666.0,98.4,0.221,5.0,1.3,0
706.0,40.8,0.308,27.2,2.6,0
638.0,69.4,0.123,5.5,1.6,0
686.0,45.7,0.299,48.1,1.1,0
669.0,30.0,0.519,41.7,7.6,0
762.0,88.5,0.323,37.0,12.0,0
698.0,94.0,0.348,52.8,2.3,0
704.0,60.6,0.169,15.8,7.0,0
651.0,20.0,0.246,56.2,11.4,1
646.0,61.3,0.275,44.0,9.4,0
650.0,84.8,0.282,26.5,1.0,0
708.0,38.0,0.474,47.0,15.7,0
651.0,79.6,0.387,13.4,2.4,0
700.0,74.6,0.187,17.6,2.1,0
825.0,89.5,0.35,20.9,0.3,0
741.0,78.0,0.38,22.1,3.3,0
657.0,50.7,0.457,14.2,0.6,0
764.0,104.9,0.51,48.3,1.4,0
651.0,71.0,0.198,26.1,1.9,0
537.0,74.3,0.223,35.3,8.3,0
609.0,51.7,0.169,21.4,10.4,1
549.0,63.9,0.292,5.0,1.8,1
655.0,52.9,0.376,34.1,9.8,0
681.0,70.7,0.438,5.0,9.7,0
797.0,117.8,0.311,29.0,7.2,0
703.0,40.7,0.282,9.5,0.8,0
665.0,34.7,0.338,59.8,5.9,0
738.0,111.8,0.22,43.7,14.5,0
525.0,69.8,0.571,31.6,5.7,1
696.0,58.3,0.127,49.0,2.0,0
734.0,101.0,0.342,17.3,3.5,0
576.0,59.9,0.563,38.2,5.2,1
760.0,120.7,0.321,33.0,3.6,0
704.0,91.9,0.297,34.0,0.6,0
651.0,62.8,0.277,49.1,1.9,0
724.0,128.9,0.298,41.0,8.1,0
839.0,59.9,0.485,34.3,9.9,1
693.0,93.6,0.055,5.2,0.7,0
697.0,82.5,0.504,15.6,15.2,0
648.0,107.5,0.149,28.2,2.0,0
621.0,114.0,0.288,31.4,5.4,0
738.0,75.8,0.268,13.0,7.0,0
620.0,56.2,0.391,66.2,8.4,0
685.0,86.5,0.128,52.7,14.6,0
647.0,58.1,0.375,39.0,1.9,0
714.0,125.3,0.563,31.1,9.8,0
703.0,78.4,0.156,26.8,0.7,0
753.0,65.9,0.343,15.7,6.1,0
644.0,79.6,0.241,31.2,6.8,0
661.0,41.3,0.371,33.9,5.7,0
611.0,50.7,0.322,11.4,1.5,0
649.0,105.0,0.243,35.0,10.3,0
706.0,58.6,0.379,27.7,0.9,0
733.0,48.8,0.537,5.0,0.3,1
615.0,88.4,0.297,17.1,6.3,1
741.0,104.6,0.406,23.8,3.2,0
775.0,93.0,0.165,58.3,9.5,0
709.0,99.9,0.205,38.3,2.4,0
811.0,56.1,0.377,10.0,0.9,0
626.0,39.5,0.498,37.3,9.1,0
593.0,112.5,0.363,6.8,4.0,0
555.0,66.9,0.282,46.2,1.0,0
785.0,68.7,0.32,22.9,6.4,0
726.0,108.2,0.17,28.6,3.6,0
676.0,88.9,0.393,49.9,4.6,0
700.0,86.4,0.426,10.7,3.1,0
601.0,129.1,0.266,9.0,8.8,1
850.0,58.9,0.264,21.2,8.8,0
689.0,98.2,0.352,45.6,6.2,0
688.0,76.4,0.268,7.2,0.6,0
731.0,81.7,0.312,5.0,9.1,0
714.0,113.2,0.572,23.2,5.6,0
696.0,87.7,0.29,38.3,6.0,0
625.0,88.5,0.277,48.0,2.3,0
713.0,101.8,0.242,23.1,10.6,0
812.0,65.9,0.409,23.8,6.5,0
774.0,54.0,0.298,47.3,0.6,0
792.0,48.9,0.242,5.0,2.6,0
644.0,25.8,0.479,24.2,10.9,0
611.0,126.4,0.49,32.9,0.2,1
671.0,47.4,0.248,36.7,16.3,0
684.0,69.5,0.096,22.4,5.7,0
757.0,68.1,0.441,30.5,5.0,0
562.0,82.7,0.238,5.0,1.6,1
787.0,95.4,0.415,20.1,1.4,0
669.0,96.5,0.084,36.8,14.2,0
650.0,60.4,0.427,15.3,1.8,0
609.0,70.8,0.175,30.9,7.5,0
564.0,82.1,0.408,36.7,2.5,0
738.0,68.8,0.322,24.9,0.7,0
685.0,115.2,0.206,32.6,0.1,0
590.0,87.3,0.271,15.6,3.9,1
589.0,93.4,0.402,26.9,18.6,1
656.0,91.6,0.333,39.2,2.3,0
797.0,104.3,0.39,32.4,2.2,0
662.0,79.5,0.557,21.2,2.1,0
575.0,42.6,0.132,33.4,3.7,0
663.0,85.0,0.514,40.7,2.9,1
661.0,58.7,0.333,5.0,10.6,0
491.0,61.8,0.212,47.4,3.5,0
676.0,89.7,0.16,25.0,3.5,0
664.0,106.0,0.297,36.4,0.7,0
729.0,75.5,0.431,48.0,20.3,0
809.0,82.7,0.305,9.4,1.4,0
759.0,117.6,0.501,19.4,0.4,0
661.0,81.0,0.146,25.7,5.4,0
603.0,140.0,0.319,18.2,4.5,1
850.0,89.1,0.17,56.0,2.7,0
684.0,31.0,0.364,17.1,2.7,0
681.0,93.8,0.426,21.7,7.7,0
678.0,84.5,0.27,33.1,1.1,0
694.0,107.2,0.05,12.0,8.6,0
670.0,91.8,0.344,24.1,5.2,0
640.0,71.5,0.372,34.8,2.7,0
642.0,44.4,0.369,25.0,3.1,0
678.0,69.8,0.468,28.6,1.5,0
642.0,53.7,0.191,22.1,7.0,0
630.0,60.5,0.402,7.3,3.6,0
687.0,89.7,0.463,34.8,1.9,0
662.0,116.7,0.107,56.3,4.5,0
785.0,84.9,0.358,30.3,27.3,0
494.0,45.1,0.259,33.4,2.9,1
756.0,86.1,0.31,40.4,12.7,0
767.0,104.9,0.362,11.0,2.1,0
535.0,59.8,0.262,55.5,0.3,1
656.0,71.6,0.239,33.0,1.1,0
654.0,75.4,0.324,54.5,2.7,0
581.0,55.4,0.19,19.0,1.2,0
626.0,91.2,0.19,57.3,0.0,0
602.0,72.0,0.402,41.6,12.3,0
803.0,85.5,0.182,38.3,9.3,0
745.0,52.8,0.4,33.5,6.8,0
769.0,64.1,0.376,26.3,0.9,0
731.0,93.1,0.113,48.0,0.6,0
601.0,65.7,0.239,32.1,0.3,1
643.0,118.2,0.463,5.0,6.4,0
714.0,65.0,0.202,13.2,13.2,0
594.0,80.6,0.264,27.2,2.8,1
730.0,98.3,0.375,34.6,0.6,0
663.0,39.5,0.414,29.2,3.6,0
654.0,31.0,0.29,48.3,2.1,0
730.0,36.9,0.248,5.0,2.3,0
711.0,106.6,0.491,32.2,4.9,1
655.0,61.2,0.529,5.0,6.3,0
761.0,139.0,0.437,41.4,0.6,0
604.0,60.9,0.33,28.6,0.2,0
723.0,79.6,0.223,36.3,25.9,0
722.0,113.6,0.22,17.0,1.3,0
658.0,125.2,0.383,49.2,0.3,0
703.0,126.5,0.37,45.6,1.1,0
592.0,105.2,0.488,38.8,0.2,1
745.0,100.6,0.398,28.1,2.5,0
667.0,89.8,0.14,38.7,8.1,0
643.0,94.5,0.446,19.4,2.1,0
753.0,61.2,0.2,42.8,2.9,0
631.0,54.5,0.274,54.7,5.6,0
581.0,74.9,0.35,46.1,3.6,1
571.0,70.7,0.559,19.1,9.9,1
722.0,63.7,0.693,35.4,10.1,1
590.0,92.4,0.393,10.6,0.0,0
803.0,98.9,0.298,38.6,7.5,0
534.0,77.2,0.384,36.8,3.1,0
799.0,111.9,0.427,5.0,22.5,0
695.0,46.5,0.282,12.6,3.3,0
673.0,70.2,0.535,25.8,21.7,0
642.0,57.1,0.348,25.5,7.0,0
708.0,28.3,0.38,11.9,1.4,0
677.0,72.9,0.4,35.8,3.9,0
757.0,72.0,0.371,33.8,24.2,0
688.0,112.8,0.421,27.1,9.7,0
691.0,90.8,0.246,18.7,0.5,0
655.0,49.4,0.253,45.7,6.1,0
676.0,121.4,0.188,54.8,2.1,1
702.0,105.5,0.373,22.7,0.0,0
560.0,89.6,0.413,20.8,2.6,0
586.0,69.3,0.375,37.4,1.3,1
732.0,51.0,0.521,24.6,8.5,0
692.0,65.7,0.319,27.9,2.1,0
667.0,102.2,0.4,41.1,8.8,0
681.0,122.1,0.189,5.0,0.0,0
704.0,113.6,0.274,49.8,1.8,0
642.0,62.8,0.403,31.1,1.4,0
626.0,47.0,0.422,23.8,1.3,0
694.0,78.5,0.285,28.7,0.4,0
612.0,30.8,0.311,29.4,1.0,0
709.0,83.1,0.138,5.0,4.1,0
561.0,71.3,0.277,52.4,1.7,1
752.0,63.3,0.427,30.6,2.7,0
713.0,35.1,0.389,36.6,2.4,0
698.0,87.8,0.38,44.3,10.4,0
749.0,61.7,0.326,14.7,11.8,0
797.0,45.8,0.321,37.1,3.4,0
751.0,20.0,0.241,26.0,2.0,0
551.0,74.3,0.404,42.7,0.6,0
590.0,119.3,0.371,5.0,15.3,1
636.0,116.5,0.379,28.5,0.3,0
682.0,63.6,0.257,21.0,1.8,0
716.0,59.9,0.062,36.5,1.8,0
629.0,86.7,0.452,37.1,1.9,0
693.0,50.0,0.263,19.4,0.9,0
627.0,82.5,0.216,19.3,7.6,0
637.0,94.2,0.403,28.3,0.7,0
582.0,105.7,0.273,16.6,5.0,0
615.0,72.5,0.447,42.6,0.7,1
585.0,69.9,0.394,24.5,0.4,0
612.0,53.1,0.402,5.0,12.0,0
754.0,54.3,0.156,24.4,1.1,0
614.0,69.3,0.465,14.4,8.6,1
850.0,84.2,0.351,5.5,3.9,0
715.0,97.8,0.276,11.4,0.4,0
693.0,54.9,0.337,31.6,15.6,0
620.0,112.3,0.107,49.9,1.4,0
729.0,68.2,0.369,34.7,9.8,0
640.0,74.5,0.196,20.9,0.9,0
689.0,56.3,0.158,36.8,9.6,0
850.0,20.0,0.137,23.1,0.1,0
673.0,97.1,0.454,19.6,3.6,1
760.0,93.4,0.244,12.7,7.3,0
631.0,68.0,0.504,5.0,13.7,1
678.0,76.7,0.256,24.2,12.0,0
804.0,87.9,0.115,32.4,8.6,0
636.0,35.9,0.186,28.6,11.0,0
807.0,61.8,0.468,23.8,1.1,0
730.0,94.9,0.301,15.8,1.7,0
641.0,43.6,0.254,39.1,1.7,0
724.0,82.3,0.339,10.2,2.4,0
748.0,41.1,0.38,41.6,2.5,0
724.0,86.7,0.454,15.0,3.9,0
570.0,74.1,0.494,18.7,0.9,1
629.0,34.6,0.277,8.0,5.9,0
663.0,104.1,0.161,22.5,0.9,0
675.0,56.6,0.27,44.6,1.9,0
723.0,54.7,0.351,37.7,3.5,0
692.0,80.0,0.204,44.7,8.0,0
587.0,103.7,0.205,37.8,6.7,1
707.0,49.6,0.361,13.4,5.2,0
723.0,76.5,0.314,25.0,0.8,0
719.0,85.7,0.324,18.3,4.0,0
756.0,92.3,0.229,50.0,0.5,0
738.0,79.4,0.292,12.0,2.4,0
712.0,65.8,0.209,43.4,2.7,0
675.0,54.3,0.427,43.4,0.2,0
564.0,77.2,0.444,57.4,1.6,1
710.0,48.2,0.098,23.9,15.6,0
695.0,20.0,0.208,40.7,15.4,0
699.0,85.9,0.14,64.2,2.2,0
591.0,97.6,0.242,20.7,0.2,0
604.0,20.0,0.31,7.0,1.0,1
754.0,49.8,0.146,5.0,2.5,0
677.0,90.5,0.209,40.7,14.8,0
728.0,126.4,0.2,5.0,0.8,0
682.0,75.5,0.345,24.4,7.2,0
682.0,56.8,0.328,36.6,0.6,0
